"SYMBOL","uniprot","kegg","ID","human_log2FoldChange","human_padj","human_sig","mouse_SYMBOL","mouse_log2FoldChange","mouse_padj","mouse_sig","sig"
"AADAT","Q4W5N8","51166","hsa00380",3.170637991,9.15e-05,"up","Aadat",-2.087992368,NA,NA,NA
"AASDHPPT","Q9NRN7","60496","hsa00770",3.332914552,2.07e-13,"up","Aasdhppt",1.977132693,7.74e-09,"up","same"
"ABAT","P80404","18","hsa00250",-2.101502514,0.011169663,"down","Abat",-2.496291284,2.65e-06,"down","same"
"ABO","A0A089QDC1","28","hsa00601",0.132077716,0.971582172,"none","Abo",1.913182514,0.048634452,"up","none"
"ACAA2","B3KNP8","10449","hsa00280",2.554244881,6.34e-07,"up","Acaa2",6.993622827,6.66e-59,"up","same"
"ACAD8","Q9UKU7","27034","hsa00280",1.969635201,0.000188808,"up","Acad8",1.991974423,1.56e-07,"up","same"
"ACADL","P28330","33","hsa00071",-6.39064316,0.026989385,"down","Acadl",7.180116475,1.99e-33,"up","diff"
"ACADM","A0A0S2Z366","34","hsa00280",6.105361748,1.44e-37,"up","Acadm",1.683168863,1.16e-10,"up","same"
"ACADSB","A0A0S2Z3P9","36","hsa00071",0.157097654,0.827733891,"none","Acadsb",-1.672456293,1.35e-10,"down","none"
"ACAT1","A0A140VJX1","38","hsa00650",2.535916418,7.21e-08,"up","Acat1",-2.41187751,2.05e-17,"down","diff"
"ACAT2","Q9BWD1","39","hsa00280",2.611569386,1.1e-07,"up","Acat2",3.090153865,1.82e-31,"up","same"
"ACHE","P22303","43","hsa00564",-3.408304153,0.004341366,"down","Ache",-6.698408113,0.011405208,"down","same"
"ACO1","P21399","48","hsa00630",1.891953656,0.00028904,"up","Aco1",3.077964475,1.76e-28,"up","same"
"ACO2","Q99798","50","hsa00020",1.241675444,0.008529961,"none","Aco2",2.163436068,2.4e-16,"up","none"
"ACOT1","E9KL42","641371","hsa00062",-0.916716483,0.620958817,"none","Acot3",-7.893032778,9.74e-27,"down","none"
"ACOT2","P49753","10965","hsa00062",-1.092316863,0.18604066,"none","Acot2",2.459976784,9.07e-05,"up","none"
"ACOT7","O00154","11332","hsa00062",4.03996915,9.51e-18,"up","Acot7",0.757351296,0.063200223,"none","none"
"ACOX1","Q15067","51","hsa00071",3.568963795,1.71e-12,"up","Acox1",-0.443847323,0.069349277,"none","none"
"ACSBG1","B3KNS7","23205","hsa00071",-5.666959097,0.000287309,"down","Acsbg1",7.347444195,9.03e-10,"up","diff"
"ACSL1","A8K9T3","2180","hsa00071",-2.124098511,0.005319053,"down","Acsl1",-1.883400728,3.77e-10,"down","same"
"ACSL5","Q9ULC5","51703","hsa00061",2.783453119,NA,NA,"Acsl5",3.995137375,8.79e-14,"up",NA
"ACSL6","B2RB13","23305","hsa00061",4.783471252,NA,NA,"Acsl6",3.521755707,2.07e-11,"up",NA
"ACSM5","Q6NUN0","54988","hsa00650",-5.036586665,0.178084867,"none","Acsm5",-7.372596647,0.000122918,"down","none"
"ACYP2","A0A140VJD7","98","hsa00620",2.265244851,0.043489205,"up","Acyp2",1.113172116,0.327872119,"none","none"
"ADA","A0A0S2Z381","100","hsa00230",0.981890961,0.073297566,"none","Ada",-1.766438842,0.000227496,"down","none"
"ADCY10","A0A0K0K1J8","55811","hsa00230",1.882351509,0.024784431,"up","Adcy10",-1.852854784,NA,NA,NA
"ADCY2","Q08462","108","hsa00230",-2.238827907,0.422574168,"none","Adcy2",-7.108221042,8.22e-18,"down","none"
"ADCY6","O43306","112","hsa00230",-6.206600007,0.003844309,"down","Adcy6",-0.798962892,0.37312895,"none","none"
"ADCY8","A0A0K0K1K3","114","hsa00230",-2.87170592,NA,NA,"Adcy8",-10.0948031,5.97e-16,"down",NA
"ADCY9","O60503","115","hsa00230",-5.1278735,4.69e-25,"down","Adcy9",-0.533618304,0.151081645,"none","none"
"ADH5","P11766","128","hsa00620",2.120305878,9.49e-07,"up","Adh5",-1.200912215,1.13e-05,"none","none"
"ADH7","P40394","131","hsa00071",-3.310401054,NA,NA,"Adh7",-5.779742732,0.000109769,"down",NA
"ADI1","Q9BV57","55256","hsa00270",4.790454213,4.1e-27,"up","Adi1",1.146678799,0.000739364,"none","none"
"ADPGK","Q9BRR6","83440","hsa00010",-1.887517779,1.28e-05,"down","Adpgk",0.599875953,0.067152453,"none","none"
"ADSL","P30566","158","hsa00230",2.236643433,0.000727391,"up","Adsl",-0.675756765,0.017068566,"none","none"
"AFMID","Q63HM1","125061","hsa00380",-2.532349113,7.58e-06,"down","Afmid",-1.192930467,0.130709627,"none","none"
"AGPAT1","A0A024RCV5","10554","hsa00564",-0.001280551,0.998952709,"none","Agpat1",-1.562442771,2.08e-06,"down","none"
"AGPAT3","Q9NRZ7","56894","hsa00561",-3.86478356,9.91e-05,"down","Agpat3",0.344384918,0.496733653,"none","none"
"AGPAT4","Q9NRZ5","56895","hsa00561",-3.635512409,2.47e-07,"down","Agpat4",4.454751634,1.38e-08,"up","diff"
"AGPAT5","A0A024R640","55326","hsa00564",1.538046486,0.003999893,"up","Agpat5",-1.416281587,0.000109858,"none","none"
"AHCY","P23526","191","hsa00270",2.30753516,2.74e-08,"up","Ahcy",6.693383719,2.82e-18,"up","same"
"AHCYL1","A0A024R0A8","10768","hsa00270",3.721502511,8.48e-17,"up","Ahcyl1",0.047558408,0.83986685,"none","none"
"AK1","P00568","203","hsa00230",-2.064923783,0.310306652,"none","Ak1",5.55651385,0.000331613,"up","none"
"AK2","A0A140VK93","204","hsa00230",2.118700711,3.07e-07,"up","Ak2",2.643974276,1.77e-12,"up","same"
"AK3","Q7Z4Y4","50808","hsa00230",1.305593392,0.077251766,"none","Ak3",1.956707791,0.001432199,"up","none"
"AK5","Q9Y6K8","26289","hsa00230",-0.743543635,0.276658223,"none","Ak5",-3.862013435,1.54e-07,"down","none"
"AK6","Q9Y3D8","102157402","hsa00230",1.859373783,1.43e-05,"up","Ak6",-0.740629766,0.076833402,"none","none"
"AK9","Q5TCS8","221264","hsa00240",-3.113120832,0.000621463,"down","Ak9",-1.01968576,0.155362832,"none","none"
"AKR1A1","P14550","10327","hsa00561",3.550934399,2.58e-17,"up","Akr1a1",2.336227743,1.07e-33,"up","same"
"AKR1B10","O60218","57016","hsa00052",-4.561780703,0.021461078,"down","Akr1b8",5.605237809,1.23e-47,"up","diff"
"AKR1C1","Q04828","1645","hsa00140",4.103403955,NA,NA,"Akr1c21",4.131913593,0.001983932,"up",NA
"ALDH18A1","P54886","5832","hsa00330",-0.923592308,0.113008694,"none","Aldh18a1",-2.201819396,1.24e-16,"down","none"
"ALDH1B1","P30837","219","hsa00280",3.463939794,3.66e-07,"up","Aldh1b1",0.276528136,0.863176211,"none","none"
"ALDH2","P05091","217","hsa00770",3.622725091,4.44e-14,"up","Aldh2",0.896156031,0.038757786,"none","none"
"ALDH3A2","P51648","224","hsa00330",3.403652778,3.27e-08,"up","Aldh3a2",1.930358055,2.79e-09,"up","same"
"ALDH5A1","P51649","7915","hsa00650",-3.004312656,0.000108917,"down","Aldh5a1",-3.164285905,6.74e-05,"down","same"
"ALDH6A1","A0A024R6G4","4329","hsa00562",2.275734775,0.001404481,"up","Aldh6a1",-0.546440587,0.241891765,"none","none"
"ALDH8A1","Q9H2A2","64577","hsa00380",-5.325344659,0.002964798,"down","Aldh8a1",-6.621409542,0.003100025,"down","same"
"ALDOA","P04075","226","hsa00010",0.115900881,0.895055088,"none","Aldoa",3.365743951,2.24e-21,"up","none"
"AMD1","A0A088AWN0","262","hsa00330",-1.187086074,0.027591759,"none","Amd1",-1.542208208,1.33e-14,"down","none"
"AMDHD2","Q9Y303","51005","hsa00520",-0.11858836,0.87061066,"none","Amdhd2",2.73619564,4.34e-10,"up","none"
"AMPD1","P23109","270","hsa00230",-7.119392106,0.002230108,"down","Ampd1",-2.735316667,0.000308738,"down","same"
"AMPD3","Q01432","272","hsa00230",-3.793135451,0.000335038,"down","Ampd3",-11.0837778,1.33e-52,"down","same"
"AOC2","O75106","314","hsa00260",0.765622794,0.43947638,"none","Aoc2",-3.14739752,0.00188231,"down","none"
"APIP","Q96GX9","51074","hsa00270",4.651000186,1.75e-22,"up","Apip",-1.068365024,0.00412803,"none","none"
"APRT","P07741","353","hsa00230",4.419707451,7.12e-23,"up","Aprt",1.551856375,1.51e-10,"up","same"
"ARG1","P05089","383","hsa00330",6.53876233,0.016239061,"up","Arg1",-0.357392126,0.442105772,"none","none"
"ASNS","P08243","440","hsa00250",0.173431335,0.95189044,"none","Asns",4.881556573,1.05e-15,"up","none"
"ASPA","P45381","443","hsa00250",7.737716392,0.000280299,"up","Aspa",6.740805552,5.2e-16,"up","same"
"ASRGL1","A0A024R573","80150","hsa00250",4.130021533,7.5e-23,"up","Asrgl1",1.11259205,0.231848246,"none","none"
"ASS1","P00966","445","hsa00250",2.775370432,4.26e-05,"up","Ass1",7.20995468,5.44e-86,"up","same"
"ATIC","P31939","471","hsa00230",3.325946508,2.03e-16,"up","Atic",0.821547465,1e-06,"none","none"
"ATP12A","B4E0R9","479","hsa00190",9.346030935,1.35e-07,"up","Atp12a",3.742209425,1.21e-07,"up","same"
"ATP6V0A2","Q9Y487","23545","hsa00190",1.840399921,0.001582635,"up","Atp6v0a2",-2.42191067,2.01e-19,"down","diff"
"ATP6V1A","P38606","523","hsa00190",3.625771468,5.6e-14,"up","Atp6v1a",1.659063607,2.05e-17,"up","same"
"ATP6V1C2","Q8NEY4","245973","hsa00190",1.726900785,0.001613093,"up","Atp6v1c2",-2.42685108,0.031775427,"down","diff"
"ATP6V1E1","P36543","529","hsa00190",1.891138077,1.03e-05,"up","Atp6v1e1",1.076862539,0.001364591,"none","none"
"ATP6V1F","A4D1K0","9296","hsa00190",2.014681385,1.43e-05,"up","Atp6v1f",2.322500106,5.81e-05,"up","same"
"B3GALT1","Q9Y5Z6","8708","hsa00601",3.223481145,NA,NA,"B3galt1",-5.758121354,0.001636949,"down",NA
"B3GALT2","O43825","8707","hsa00601",-1.317284204,NA,"none","B3galt2",3.04997418,1.21e-10,"up","none"
"B3GNT2","Q9NY97","10678","hsa00601",-5.144788797,1.64e-35,"down","B3gnt2",-5.700139517,1.67e-05,"down","same"
"B3GNT3","Q9Y2A9","10331","hsa00601",-5.46074529,0.104480002,"none","B3gnt3",2.347135577,0.003301986,"up","none"
"B3GNT5","Q9BYG0","84002","hsa00601",-1.107958999,0.276662594,"none","B3gnt5",7.068389578,1.52e-20,"up","none"
"B3GNT7","Q8NFL0","93010","hsa00533",4.197610672,0.000377575,"up","B3gnt7",1.038437469,0.016789144,"none","none"
"B4GALNT2","Q8NHY0","124872","hsa00601",-4.085891829,0.054785409,"none","B4galnt2",-4.949809628,5.13e-20,"down","none"
"B4GALT1","P15291","2683","hsa00601",-2.503343311,5.69e-08,"down","B4galt1",2.441872985,1.14e-07,"up","diff"
"B4GALT2","O60909","8704","hsa00052",0.847124087,0.266547567,"none","B4galt2",-3.906602153,2e-07,"down","none"
"B4GALT4","B2RAZ5","8702","hsa00601",0.448201392,0.393117907,"none","B4galt4",-6.326761103,8.62e-20,"down","none"
"BCKDHB","A0A140VKB3","594","hsa00280",-0.913297142,0.296123981,"none","Bckdhb",2.407073378,3.2e-09,"up","none"
"BDH1","Q02338","622","hsa00650",-3.132084234,4.55e-05,"down","Bdh1",-0.556379373,0.252902697,"none","none"
"BHMT","Q93088","635","hsa00270",2.581650896,0.000141398,"up","Bhmt",6.679986397,3.48e-59,"up","same"
"BPGM","A0A024R782","669","hsa00260",-2.251065063,3.03e-07,"down","Bpgm",-7.139471561,2.91e-101,"down","same"
"CAT","P04040","847","hsa00630",4.799493629,6.7e-09,"up","Cat",4.757866151,1.36e-28,"up","same"
"CBR4","Q8N4T8","84869","hsa00061",2.284100424,0.000182703,"up","Cbr4",3.600934094,1.03e-08,"up","same"
"CDA","P32320","978","hsa00983",2.522034515,5.21e-05,"up","Cda",-6.238809617,0.001136365,"down","diff"
"CDO1","Q16878","1036","hsa00270",6.081190389,9.87e-11,"up","Cdo1",-6.101809664,5.41e-71,"down","diff"
"CDS2","O95674","8760","hsa00564",-2.062040648,1.31e-05,"down","Cds2",2.236218372,7.15e-12,"up","diff"
"CHAC2","Q8WUX2","494143","hsa00480",11.05355183,1.71e-11,"up","Chac2",-0.546250056,0.598647437,"none","none"
"CHIT1","Q13231","1118","hsa00520",0.188071737,NA,"none","Chit1",-3.938618738,7.19e-11,"down","none"
"CHPT1","Q8WUD6","56994","hsa00564",4.057320817,9.12e-17,"up","Chpt1",2.457529702,4.23e-15,"up","same"
"CHST2","Q9Y4C5","9435","hsa00533",2.383739866,6.73e-07,"up","Chst2",2.418969906,0.033814737,"up","same"
"CHST6","Q9GZX3","4166","hsa00533",-4.541301948,0.004147023,"down","Chst5",-5.988569596,0.021414597,"down","same"
"CKB","P12277","1152","hsa00330",3.177791389,2.62e-10,"up","Ckb",2.702858456,1.11e-11,"up","same"
"CKMT1A","P12532","1159","hsa00330",3.84949823,0.002650614,"up","Ckmt1",6.058451745,5.62e-33,"up","same"
"CMAS","Q8NFW8","55907","hsa00520",3.606587711,1.32e-13,"up","Cmas",-1.474400757,7.16e-07,"none","none"
"CNDP1","Q96KN2","84735","hsa00330",1.006605137,0.588710691,"none","Cndp1",-3.371806027,0.00436722,"down","none"
"CNDP2","Q96KP4","55748","hsa00410",3.387351399,1.35e-09,"up","Cndp2",4.223257238,3.24e-56,"up","same"
"COMT","A0A140VJG8","1312","hsa00140",-2.044300373,0.00850825,"down","Comt",4.677283154,6.58e-13,"up","diff"
"COX10","Q12887","1352","hsa00190",0.457476879,0.384428004,"none","Cox10",-1.895482253,5.61e-07,"down","none"
"COX11","B4DEY8","1353","hsa00190",3.915342473,4.19e-19,"up","Cox11",-0.592036308,0.20093343,"none","none"
"COX17","Q14061","10063","hsa00190",0.482675826,0.361905892,"none","Cox17",4.997132829,5.22e-30,"up","none"
"COX4I2","H6SG14","84701","hsa00190",-6.425586705,2.74e-17,"down","Cox4i2",-5.714446825,0.002656836,"down","same"
"COX5A","P20674","9377","hsa00190",3.069256867,1.27e-14,"up","Cox5a",1.611006136,5.99e-11,"up","same"
"COX6A1","H6SG15","1337","hsa00190",0.184109139,0.717263268,"none","Cox6a1",2.067608012,3.77e-14,"up","none"
"COX6B1","P14854","1340","hsa00190",1.80786223,1.77e-05,"up","Cox6b1",2.611358363,4.79e-17,"up","same"
"COX6B2","Q6YFQ2","125965","hsa00190",-9.509831392,3.57e-08,"down","Cox6b2",-3.063674461,1.37e-08,"down","same"
"COX7A2","H0UI06","1347","hsa00190",1.581841403,0.000182156,"up","Cox7a2",1.794174258,3.68e-09,"up","same"
"COX7A2L","O14548","9167","hsa00190",0.690461762,0.177306981,"none","Cox7a2l",4.113398195,4.38e-27,"up","none"
"COX7B","P24311","1349","hsa00190",1.295387369,0.002093686,"none","Cox7b",2.3505335,3.27e-12,"up","none"
"CPT2","A0A140VK13","1376","hsa00071",2.32492076,0.001692177,"up","Cpt2",2.967987805,3.72e-16,"up","same"
"CTH","P32929","1491","hsa00270",12.5897948,2.77e-15,"up","Cth",-0.616108771,0.007723167,"none","none"
"CYB5R1","Q9UHQ9","51706","hsa00520",1.530520569,0.025106849,"up","Cyb5r1",6.510304105,9.25e-29,"up","same"
"CYB5R2","A8K237","51700","hsa00520",1.865393186,0.028221146,"up","Cyb5r2",-1.149253744,0.092481723,"none","none"
"CYB5R4","Q7L1T6","51167","hsa00520",2.269279472,0.0001969,"up","Cyb5r4",-1.848952568,1.01e-10,"down","diff"
"CYC1","P08574","1537","hsa00190",4.561627117,3.63e-31,"up","Cyc1",2.970439547,1.63e-16,"up","same"
"CYP1A1","A0N0X8","1543","hsa00380",7.536940268,0.000633483,"up","Cyp1a1",-2.743092312,NA,NA,NA
"CYP1B1","Q16678","1545","hsa00140",3.149458005,0.013512546,"up","Cyp1b1",-8.531277397,5.36e-13,"down","diff"
"CYP2A6","P11509","1548","hsa00983",-4.164151409,0.196576094,"none","Cyp2a4",-7.268140116,0.000729659,"down","none"
"CYP2F1","P24903","1572","hsa00980",0.985245168,0.669607501,"none","Cyp2f2",-4.820602571,3.4e-05,"down","none"
"CYP2S1","Q96SQ9","29785","hsa00980",0.772639112,0.172009542,"none","Cyp2s1",4.729861753,3.03e-88,"up","none"
"CYP2U1","Q7Z449","113612","hsa00071",-2.424662315,0.06007419,"none","Cyp2u1",-6.144176143,0.000845647,"down","none"
"CYP7A1","P22680","1581","hsa00140",-6.122108418,0.063337767,"none","Cyp7a1",-6.868670564,7.7e-06,"down","none"
"CYP7B1","O75881","9420","hsa00140",-3.020750946,0.141555454,"none","Cyp7b1",-4.381630606,0.003427622,"down","none"
"DCTD","P32321","1635","hsa00240",2.269910167,2.27e-05,"up","Dctd",-1.534935017,8.18e-06,"down","diff"
"DCTPP1","Q9H773","79077","hsa00240",4.166117739,1.28e-23,"up","Dctpp1",2.315501865,1.11e-05,"up","same"
"DGAT2","Q96PD7","84649","hsa00561",-2.362957267,0.010522392,"down","Dgat2",1.857143024,0.001623466,"up","diff"
"DGKB","Q9Y6T7","1607","hsa00561",-5.84393907,3.69e-06,"down","Dgkb",-4.077790826,NA,NA,NA
"DGKE","A1L4Q0","8526","hsa00564",-4.340490027,5.6e-09,"down","Dgke",-2.56006687,2.72e-28,"down","same"
"DGKG","P49619","1608","hsa00564",-2.201239717,0.308779993,"none","Dgkg",-3.296653757,0.04132482,"down","none"
"DGKK","Q5KSL6","139189","hsa00564",1.84790724,0.241660799,"none","Dgkk",-8.035253884,3.23e-05,"down","none"
"DGKQ","A0A140VKC1","1609","hsa00561",2.303957615,0.12541168,"none","Dgkq",2.107290303,0.01052097,"up","none"
"DGKZ","Q13574","8525","hsa00561",2.930283456,2.95e-09,"up","Dgkz",1.876624339,2.68e-07,"up","same"
"DHDH","Q9UQ10","27294","hsa00980",-1.276624723,0.348651923,"none","Dhdh",-1.92480609,0.011293877,"down","none"
"DHTKD1","Q96HY7","55526","hsa00380",2.688924707,5.8e-07,"up","Dhtkd1",-2.160860017,1.27e-15,"down","diff"
"DLAT","P10515","1737","hsa00010",5.712384295,3.49e-39,"up","Dlat",1.014297444,0.002432129,"none","none"
"DLD","A0A024R713","1738","hsa00010",2.672763523,7.19e-08,"up","Dld",1.53124752,6.13e-06,"up","same"
"DMGDH","B3KQ84","29958","hsa00260",-4.506889841,0.000353855,"down","Dmgdh",2.74876839,3.64e-11,"up","diff"
"DNMT1","I6L9H2","1786","hsa00270",-5.261764812,2.02e-33,"down","Dnmt1",-0.548325579,0.009096062,"none","none"
"DNMT3B","Q9UBC3","1789","hsa00270",3.544658348,8.08e-17,"up","Dnmt3b",1.868176701,6.18e-15,"up","same"
"DPYS","Q14117","1807","hsa00983",-7.353734791,0.000624624,"down","Dpys",-6.96768484,4.6e-06,"down","same"
"DTYMK","P23919","1841","hsa00240",1.31496024,0.008892321,"none","Dtymk",3.398972386,9.76e-14,"up","none"
"ECHDC1","Q9NTX5","55862","hsa00640",2.036066956,3.26e-05,"up","Echdc1",-0.170642003,0.909724137,"none","none"
"ECHS1","P30084","1892","hsa00071",3.171617256,5.93e-15,"up","Echs1",1.386618501,2.99e-06,"none","none"
"ECI1","P42126","1632","hsa00071",3.756107249,2.29e-16,"up","Eci1",-0.897731988,0.016443674,"none","none"
"EHHADH","Q08426","1962","hsa00650",2.459332727,0.113693428,"none","Ehhadh",-3.353750454,0.028491528,"down","none"
"ELOVL3","Q9HB03","83401","hsa01040",-5.253660152,2.43e-18,"down","Elovl3",-5.56105592,0.009898307,"down","same"
"ELOVL4","Q9GZR5","6785","hsa00062",-3.290801849,6.89e-11,"down","Elovl4",-6.890447799,2.51e-06,"down","same"
"ELOVL7","A1L3X0","79993","hsa01040",-4.423460282,0.0004121,"down","Elovl7",1.071871905,9.93e-07,"none","none"
"ENO1","A0A024R4F1","2023","hsa00010",3.098344174,5.37e-10,"up","Eno1",2.078264277,9.29e-05,"up","same"
"ENO3","P13929","2027","hsa00010",4.145489599,1.7e-06,"up","Eno3",-0.086129802,0.940922752,"none","none"
"ENPP1","P22413","5167","hsa00770",0.403379184,0.593662698,"none","Enpp1",4.809568584,3.44e-13,"up","none"
"ENPP4","Q9Y6X5","22875","hsa00230",3.696277918,0.0152832,"up","Enpp4",-0.855464354,0.195913606,"none","none"
"EPHX1","P07099","2052","hsa00980",-3.384578331,2.05e-06,"down","Ephx1",5.022476857,2.44e-06,"up","diff"
"ETNK1","Q9HBU6","55500","hsa00564",-0.558359018,0.263424295,"none","Etnk1",2.231570441,3.5e-05,"up","none"
"FADS1","A0A0A0MR51","3992","hsa01040",-2.234312831,0.008434915,"down","Fads1",5.389620569,2.57e-40,"up","diff"
"FADS2","O95864","9415","hsa01040",-1.118340886,0.537763174,"none","Fads2",2.074601579,1.25e-07,"up","none"
"FASN","P49327","2194","hsa00061",3.500346829,5.36e-09,"up","Fasn",0.716022725,0.143466866,"none","none"
"FBP1","P09467","2203","hsa00051",8.065719916,5.63e-06,"up","Fbp1",0.445557309,0.543234675,"none","none"
"FBP2","O00757","8789","hsa00051",-7.114400202,0.0020721,"down","Fbp2",9.641742596,1.7e-98,"up","diff"
"FH","A0A0S2Z4C3","2271","hsa00620",1.399368366,0.005643919,"none","Fh1",1.912263286,3.21e-07,"up","none"
"FIG4","Q92562","9896","hsa00562",1.363476323,0.108839451,"none","Fig4",3.500464463,2.03e-24,"up","none"
"FUT2","A8K2L2","2524","hsa00601",-4.249696441,0.002388506,"down","Fut2",-1.610349939,0.279352019,"none","none"
"FUT4","P22083","2526","hsa00601",-3.425490887,1.24e-10,"down","Fut4",2.140495149,0.351441316,"none","none"
"FUT9","Q9Y231","10690","hsa00601",-8.556096738,4.49e-07,"down","Fut9",3.923477817,0.000200349,"up","diff"
"G6PC2","Q9NQR9","57818","hsa00052",-2.484531716,NA,NA,"G6pc2",-6.830499425,1.41e-05,"down",NA
"G6PC3","Q9BUM1","92579","hsa00052",3.364236265,1.28e-10,"up","G6pc3",3.178411276,1.04e-06,"up","same"
"G6PD","P11413","2539","hsa00480",0.827699707,0.475124078,"none","G6pdx",-3.21931336,6.65e-28,"down","none"
"GAA","P10253","2548","hsa00052",-1.681106047,0.007500551,"down","Gaa",4.131016379,2.08e-58,"up","diff"
"GAD2","Q05329","2572","hsa00650",-5.636270979,0.12602727,"none","Gad2",-8.974725315,3.08e-14,"down","none"
"GADL1","Q6ZQY3","339896","hsa00770",-6.450608938,0.013686069,"down","Gadl1",-4.324535706,0.26996407,"none","none"
"GALE","Q14376","2582","hsa00520",3.521990308,1.49e-12,"up","Gale",0.040442536,0.958323353,"none","none"
"GALK1","P51570","2584","hsa00520",4.406938926,7.96e-08,"up","Galk1",4.821343031,3.78e-49,"up","same"
"GALM","Q96C23","130589","hsa00052",1.232416008,0.023592335,"none","Galm",-2.312256797,3.67e-06,"down","none"
"GALT","A0A0S2Z3Y7","2592","hsa00052",-0.239176646,0.878304501,"none","Galt",1.542003383,5.93e-06,"up","none"
"GAMT","Q14353","2593","hsa00330",3.757751887,2.9e-07,"up","Gamt",1.914180209,0.211802062,"none","none"
"GAPDH","P04406","2597","hsa00010",3.989475285,6.03e-16,"up","Gapdh",2.71789341,7.85e-09,"up","same"
"GART","P22102","2618","hsa00230",2.641308466,3.23e-07,"up","Gart",2.730425103,2.05e-17,"up","same"
"GATM","A0A140VK19","2628","hsa00330",-3.932973189,2.4e-08,"down","Gatm",-1.939855769,0.269804732,"none","none"
"GCAT","A8K228","23464","hsa00260",-1.953767264,9.22e-05,"down","Gcat",4.858687847,2.09e-05,"up","diff"
"GCK","P35557","2645","hsa00520",-2.661492655,0.011345008,"down","Gck",-3.782115688,0.022599626,"down","same"
"GCLM","P48507","2730","hsa00270",4.64770378,1.81e-13,"up","Gclm",1.537277468,1.21e-08,"up","same"
"GCNT2","Q8N0V5","2651","hsa00601",5.315654223,1.77e-06,"up","Gcnt2",-0.757269166,0.096515927,"none","none"
"GCSH","P23434","2653","hsa00260",1.198816537,0.259363817,"none","Gcsh",-2.008427306,1.32e-10,"down","none"
"GFPT2","A0A0S2Z4X9","9945","hsa00250",-0.093725482,0.939176426,"none","Gfpt2",-2.865781174,0.008176916,"down","none"
"GGCT","A0A090N7V5","79017","hsa00480",2.710995097,1.21e-07,"up","Ggct",-4.691507398,2.05e-16,"down","diff"
"GGT1","A0A140VJJ9","2678","hsa00480",0.272725367,NA,"none","Ggt1",5.834283981,2.12e-32,"up","none"
"GGT7","A0PJJ9","2686","hsa00480",-1.347367676,0.290182178,"none","Ggt7",-5.719469636,0.003324733,"down","none"
"GLDC","P23378","2731","hsa00260",5.732821961,1.47e-31,"up","Gldc",1.709471424,1.66e-07,"up","same"
"GLO1","Q04760","2739","hsa00620",2.548969949,7.09e-08,"up","Glo1",3.146406911,4.9e-14,"up","same"
"GMPPB","Q9Y5P6","29925","hsa00520",2.074506179,1.57e-05,"up","Gmppb",3.882452653,0.000110256,"up","same"
"GNE","Q9Y223","10020","hsa00520",2.317558735,0.028552586,"up","Gne",-0.622818292,0.101792457,"none","none"
"GNPDA1","P46926","10007","hsa00520",3.065899146,1.97e-09,"up","Gnpda1",3.252158795,2.05e-34,"up","same"
"GOT1","A0A140VK69","2805","hsa00270",1.955615888,0.000217975,"up","Got1",2.763930207,3.21e-20,"up","same"
"GOT1L1","Q8NHS2","137362","hsa00330",-2.895941812,NA,NA,"Got1l1",3.719426773,1.9e-09,"up",NA
"GOT2","P00505","2806","hsa00270",3.457575494,1.15e-17,"up","Got2",1.608084013,7.85e-06,"up","same"
"GPAM","Q86T70","57678","hsa00561",-1.321799641,0.032326882,"none","Gpam",1.829491961,0.005549002,"up","none"
"GPD1","A0A024R138","2819","hsa00564",-5.750796285,0.009193255,"down","Gpd1",-2.867913474,0.029257109,"down","same"
"GPD1L","Q8N335","23171","hsa00564",-1.110253701,0.134664649,"none","Gpd1l",-2.131098695,9.23e-18,"down","none"
"GPD2","P43304","2820","hsa00564",-0.613564543,0.2231902,"none","Gpd2",2.603406592,2.19e-33,"up","none"
"GPX1","P07203","2876","hsa00480",0.322055503,0.556173275,"none","Gpx1",2.331259244,8.53e-13,"up","none"
"GPX2","P18283","2877","hsa00480",8.752696569,3.73e-60,"up","Gpx2",8.287753413,1.62e-13,"up","same"
"GPX3","P22352","2878","hsa00480",1.782611674,0.025874255,"up","Gpx3",-3.535617772,1.91e-15,"down","diff"
"GPX4","P36969","2879","hsa00480",1.564089317,0.000696502,"up","Gpx4",1.967565007,1.05e-06,"up","same"
"GPX5","O75715","2880","hsa00480",-2.484531716,NA,NA,"Gpx5",4.739163802,0.049596068,"up",NA
"GRHPR","Q9UBQ7","9380","hsa00630",1.489342719,0.002087092,"none","Grhpr",2.472276565,8.99e-06,"up","none"
"GSR","P00390","2936","hsa00480",1.468283423,0.006099798,"none","Gsr",3.221421192,1.41e-18,"up","none"
"GSS","P48637","2937","hsa00480",2.432047104,0.206971279,"none","Gss",4.961543548,4e-73,"up","none"
"GSTK1","Q6FII1","373156","hsa00480",1.518132091,0.006761262,"up","Gstk1",1.667544523,0.244203064,"none","none"
"GSTM1","P09488","2944","hsa00480",-2.484531716,NA,NA,"Gstm2",4.985511166,0.022680968,"up",NA
"GSTM3","P21266","2947","hsa00980",-1.849770837,0.000823524,"down","Gstm5",-4.596311143,1.52e-06,"down","same"
"GSTM4","A0A140VKE3","2948","hsa00983",4.491943732,0.023452315,"up","Gstm4",6.198487988,0.000169744,"up","same"
"GSTM5","P46439","2949","hsa00980",-1.560880909,NA,NA,"Gstm1",3.004304567,3.04e-06,"up",NA
"GSTO1","P78417","9446","hsa00480",4.90580439,5.37e-18,"up","Gsto1",4.635442205,2.81e-30,"up","same"
"GSTO2","Q9H4Y5","119391","hsa00480",1.151659275,0.445660584,"none","Gsto2",-5.508894191,7.41e-10,"down","none"
"GSTP1","P09211","2950","hsa00980",5.795487297,1.83e-51,"up","Gstp1",2.882124918,6.37e-10,"up","same"
"GUCY1A2","P33402","2977","hsa00230",-2.883975634,0.001764516,"down","Gucy1a2",-5.333722817,0.000172171,"down","same"
"GUCY2C","P25092","2984","hsa00230",-5.037766902,0.177410876,"none","Gucy2c",-7.06175009,1.28e-06,"down","none"
"GUCY2D","Q02846","3000","hsa00230",-4.709886375,0.082342552,"none","Gucy2e",-2.739118669,1.3e-10,"down","none"
"GUSB","P08236","2990","hsa00983",-1.472156237,0.015689777,"none","Gusb",3.097174684,6.42e-11,"up","none"
"H6PD","O95479","9563","hsa00030",-3.216656536,0.011349569,"down","H6pd",4.215645602,7.63e-11,"up","diff"
"HADHA","E9KL44","3030","hsa00280",2.179724804,8.64e-07,"up","Hadha",2.994083537,4.62e-33,"up","same"
"HDDC2","A0A140VJK7","51020","hsa00240",2.660418046,1.94e-09,"up","Hddc2",4.595235742,1.46e-08,"up","same"
"HDDC3","Q8N4P3","374659","hsa00230",3.914028726,3.18e-10,"up","Hddc3",1.932815207,0.140487846,"none","none"
"HEXA","A0A0S2Z3W3","3073","hsa00520",-0.598580174,0.392668307,"none","Hexa",6.308676747,1.04e-48,"up","none"
"HIBADH","A0A024RA75","11112","hsa00280",1.693826278,0.015472282,"up","Hibadh",0.126869814,0.724233364,"none","none"
"HIBCH","A0A140VJL0","26275","hsa00640",1.511045588,0.003725201,"up","Hibch",4.141436364,1.99e-16,"up","same"
"HK2","P52789","3099","hsa00010",-2.274393579,5.72e-08,"down","Hk2",2.767863208,2.64e-12,"up","diff"
"HKDC1","B3KT70","80201","hsa00052",-3.031267537,NA,NA,"Hkdc1",3.522106683,0.008199107,"up",NA
"HMGCL","P35914","3155","hsa00650",0.550560225,0.431843741,"none","Hmgcl",2.028992241,1.49e-09,"up","none"
"HMGCS2","A0A140VJL2","3158","hsa00280",3.365180318,NA,NA,"Hmgcs2",4.317628345,0.038970391,"up",NA
"HPGDS","O60760","27306","hsa00480",4.597844816,NA,NA,"Hpgds",2.576039491,0.000335385,"up",NA
"HSD11B2","P80365","3291","hsa00140",6.429337202,0.021736391,"up","Hsd11b2",3.974222087,0.000421938,"up","same"
"HSD17B10","A0A0S2Z410","3028","hsa00280",2.558507531,3.24e-09,"up","Hsd17b10",4.003958522,7.81e-16,"up","same"
"HSD17B11","Q8NBQ5","51170","hsa00140",4.440195106,4.1e-07,"up","Hsd17b11",7.392458004,2.29e-10,"up","same"
"HSD17B4","A0A0S2Z4J1","3295","hsa01040",2.738649645,1.34e-08,"up","Hsd17b4",3.500227401,3.1e-18,"up","same"
"HSD3B1","P14060","3283","hsa00140",8.175448476,1.14e-10,"up","Hsd3b6",-5.542922895,0.089507609,"none","none"
"IDH1","O75874","3417","hsa00480",4.850882963,3.46e-33,"up","Idh1",4.283303212,4.98e-49,"up","same"
"IDH3A","P50213","3419","hsa00020",3.46791774,2.4e-10,"up","Idh3a",1.219614709,9.17e-06,"none","none"
"IMPA2","O14732","3613","hsa00562",3.858684337,3.36e-14,"up","Impa2",1.388465751,4.13e-05,"none","none"
"IMPDH2","P12268","3615","hsa00983",-3.977297362,0.026388036,"down","Impdh2",0.871988048,0.00045798,"none","none"
"INPP1","P49441","3628","hsa00562",-1.747839849,0.151139763,"none","Inpp1",2.949857899,0.000687325,"up","none"
"INPP5D","Q92835","3635","hsa00562",3.944453098,6.09e-10,"up","Inpp5d",2.693142758,2.2e-15,"up","same"
"INPP5F","Q9Y2H2","22876","hsa00562",-0.977359308,0.031450163,"none","Inpp5f",-2.046918397,7.92e-12,"down","none"
"INPPL1","O15357","3636","hsa00562",2.642844717,3.72e-05,"up","Inppl1",-1.340770472,9.71e-05,"none","none"
"IPMK","Q8NFU5","253430","hsa00562",1.473206642,0.003136034,"none","Ipmk",-3.585586244,1.21e-60,"down","none"
"IPPK","Q9H8X2","64768","hsa00562",-1.223791329,0.077374699,"none","Ippk",-2.017403068,1.14e-18,"down","none"
"ISYNA1","A0A140VK73","51477","hsa00562",2.571301899,1.49e-08,"up","Isyna1",3.756946438,1.89e-15,"up","same"
"ITPA","A0A0S2Z3W7","3704","hsa00983",2.926512419,1.01e-09,"up","Itpa",1.550088719,1.78e-07,"up","same"
"ITPKA","P23677","3706","hsa00562",-1.700285363,0.021233813,"down","Itpka",6.188505989,0.000109598,"up","diff"
"IVD","A0A0A0MT83","3712","hsa00280",1.549361865,0.003312411,"up","Ivd",-1.603170319,5.03e-06,"down","diff"
"KYNU","Q16719","8942","hsa00380",1.216272789,0.332497892,"none","Kynu",-7.360577959,3.27e-07,"down","none"
"L2HGDH","Q9H9P8","79944","hsa00650",3.18238335,7.36e-08,"up","L2hgdh",0.800252983,0.026713639,"none","none"
"LACC1","Q8IV20","144811","hsa00270",-4.508620514,4.84e-11,"down","Lacc1",6.391021042,4.61e-05,"up","diff"
"LAP3","P28838","51056","hsa00330",1.518549132,0.003640249,"up","Lap3",3.905960145,2.29e-25,"up","same"
"LDHA","P00338","3939","hsa00010",1.722591356,0.006156167,"up","Ldha",-2.636764507,2.04e-08,"down","diff"
"LDHB","P07195","3945","hsa00270",4.771566813,2.73e-29,"up","Ldhb",-7.13705358,1.06e-07,"down","diff"
"LDHC","A0A140VKA7","3948","hsa00640",-4.380338479,5.84e-08,"down","Ldhc",-5.047265081,8.66e-09,"down","same"
"LDHD","Q86WU2","197257","hsa00620",-5.193305284,0.149561724,"none","Ldhd",-4.764425772,5.06e-10,"down","none"
"LPCAT2","Q7L5N7","54947","hsa00564",-1.781957919,0.013582038,"down","Lpcat2",-6.700920299,6.21e-20,"down","same"
"LPCAT3","Q6P1A2","10162","hsa00564",0.551150774,0.599789163,"none","Lpcat3",4.577523267,2.51e-35,"up","none"
"LPCAT4","Q643R3","254531","hsa00564",-1.754046608,0.000133647,"down","Lpcat4",-1.295877803,0.000472713,"none","none"
"LPIN1","Q14693","23175","hsa00561",2.186706518,2.55e-05,"up","Lpin1",1.459721609,0.004685078,"none","none"
"LPIN2","Q92539","9663","hsa00564",-1.035412308,0.058828782,"none","Lpin2",-3.105391834,2.67e-32,"down","none"
"LPIN3","Q9BQK8","64900","hsa00564",-1.068192275,0.40366991,"none","Lpin3",2.486277174,0.003022433,"up","none"
"LPL","A0A1B1RVA9","4023","hsa00561",-4.192140588,0.024672656,"down","Lpl",-4.101247382,1.18e-08,"down","same"
"LYPLA2","A0A140VJC9","11313","hsa00564",5.059325897,1.81e-34,"up","Lypla2",1.682397408,0.010918954,"up","same"
"MAT1A","Q00266","4143","hsa00270",-5.000713662,0.004296132,"down","Mat1a",-9.007043957,4.73e-12,"down","same"
"MAT2B","A0A140VJP2","27430","hsa00270",1.840856747,0.000170945,"up","Mat2b",-4.115907634,5.22e-44,"down","diff"
"MBOAT1","Q6ZNC8","154141","hsa00564",3.889122113,0.011272467,"up","Mboat1",10.04292625,1.95e-21,"up","same"
"MBOAT7","Q96N66","79143","hsa00564",1.979506286,0.000306741,"up","Mboat7",1.380744918,0.000483499,"none","none"
"MCAT","Q8IVS2","27349","hsa00061",0.835666981,0.114289639,"none","Mcat",2.467665849,4.29e-05,"up","none"
"MCCC1","A0A0S2Z693","56922","hsa00280",2.275875161,0.01440981,"up","Mccc1",3.734185023,2.48e-31,"up","same"
"MCCC2","A0A140VK29","64087","hsa00280",2.541955038,3.95e-08,"up","Mccc2",2.50079933,3.37e-09,"up","same"
"MCEE","Q96PE7","84693","hsa00630",2.020472848,0.013991634,"up","Mcee",1.430760268,0.106656231,"none","none"
"MDH1","P40925","4190","hsa00620",5.389091512,6.91e-42,"up","Mdh1",2.649929994,1.3e-19,"up","same"
"MDH2","A0A024R4K3","4191","hsa00270",4.208503813,3e-27,"up","Mdh2",1.751294178,4.62e-15,"up","same"
"ME2","P23368","4200","hsa00620",3.481685834,4.54e-13,"up","Me2",-0.799513225,0.000554426,"none","none"
"MECR","Q9BV79","51102","hsa00062",3.259177446,4.14e-12,"up","Mecr",2.734705809,2.25e-05,"up","same"
"MGST2","Q99735","4258","hsa00980",-1.530945423,0.006972071,"down","Mgst2",7.51233215,1.24e-10,"up","diff"
"MINPP1","Q9UNW1","9562","hsa00562",-1.94068588,0.000342904,"down","Minpp1",0.405272356,0.135042948,"none","none"
"MIOX","Q9UGB7","55586","hsa00562",-2.038554185,NA,NA,"Miox",-6.970276697,0.000152804,"down",NA
"MLYCD","O95822","23417","hsa00410",-0.110468305,0.91283325,"none","Mlycd",2.214170328,0.042923162,"up","none"
"MPO","P05164","4353","hsa00983",0.545642603,NA,"none","Mpo",-5.925840464,0.017551145,"down","none"
"MPST","A0A140VJX3","4357","hsa00270",2.518590564,7.16e-07,"up","Mpst",-0.609050303,0.37144946,"none","none"
"MRI1","Q9BV20","84245","hsa00270",3.399802496,0.010051524,"up","Mri1",1.18518635,0.026364475,"none","none"
"MTAP","Q13126","4507","hsa00270",3.67053042,4.38e-10,"up","Mtap",0.510920054,0.162147051,"none","none"
"MTMR14","Q8NCE2","64419","hsa00562",0.270108574,0.674825359,"none","Mtmr14",-4.539715041,2.41e-35,"down","none"
"MTMR6","Q9Y217","9107","hsa00562",2.835575104,0.000913221,"up","Mtmr6",-1.495132881,0.000603722,"none","none"
"NAT2","A4Z6T7","10","hsa00983",-7.593043765,0.000433419,"down","Nat1",6.566945431,3.82e-06,"up","diff"
"NAT8L","Q8N9F0","339983","hsa00250",1.185809333,0.526308502,"none","Nat8l",-4.733018877,9.55e-05,"down","none"
"ND3","P03897","4537","hsa00190",-1.642594155,0.004073112,"down","ND3",-3.306235175,0.054641011,"none","none"
"ND4L","P03901","4539","hsa00190",0.033581195,0.963410009,"none","ND4L",-3.268832742,0.013113417,"down","none"
"ND6","P03923","4541","hsa00190",-0.213657696,0.739084863,"none","ND6",-1.5036922,0.012183041,"down","none"
"NDUFA1","O15239","4694","hsa00190",0.761619469,0.092834081,"none","Ndufa1",2.771481612,0.000262514,"up","none"
"NDUFA11","Q86Y39","126328","hsa00190",2.460544443,1.27e-07,"up","Ndufa11",0.707273557,0.04860084,"none","none"
"NDUFA12","Q9UI09","55967","hsa00190",3.390224019,2.4e-13,"up","Ndufa12",4.345379638,1.36e-15,"up","same"
"NDUFA13","Q9P0J0","51079","hsa00190",0.456425461,0.570852596,"none","Ndufa13",2.473016404,4.41e-15,"up","none"
"NDUFA3","O95167","4696","hsa00190",0.224031444,0.685703696,"none","Ndufa3",5.030132838,2.24e-34,"up","none"
"NDUFA6","P56556","4700","hsa00190",0.547895412,0.281902936,"none","Ndufa6",2.19725234,1.31e-08,"up","none"
"NDUFA7","O95182","4701","hsa00190",1.218106265,0.598054316,"none","Ndufa7",2.453349532,6.33e-11,"up","none"
"NDUFA9","Q16795","4704","hsa00190",2.629845231,1.43e-07,"up","Ndufa9",1.925541896,1.36e-17,"up","same"
"NDUFAB1","O14561","4706","hsa00190",1.937668899,2.94e-06,"up","Ndufab1",0.572138703,0.059093373,"none","none"
"NDUFB10","A8K761","4716","hsa00190",1.623689602,0.000160369,"up","Ndufb10",3.156474801,2.63e-10,"up","same"
"NDUFB2","A4D1T5","4708","hsa00190",2.336690749,3.99e-08,"up","Ndufb2",0.611775248,0.362886105,"none","none"
"NDUFB4","O95168","4710","hsa00190",1.734668047,0.000413484,"up","Ndufb4",4.964007495,4.79e-20,"up","same"
"NDUFB7","P17568","4713","hsa00190",1.076636686,0.035204148,"none","Ndufb7",3.224403329,4.9e-12,"up","none"
"NDUFB8","O95169","4714","hsa00190",1.098850394,0.045681259,"none","Ndufb8",3.124903549,5.76e-09,"up","none"
"NDUFC1","O43677","4717","hsa00190",2.052731794,2.34e-06,"up","Ndufc1",3.388075584,6.64e-28,"up","same"
"NDUFS1","E5KRK5","4719","hsa00190",3.483639275,9.45e-15,"up","Ndufs1",2.905535032,6.12e-08,"up","same"
"NDUFS3","O75489","4722","hsa00190",2.60580528,3.34e-10,"up","Ndufs3",3.377330912,3.89e-13,"up","same"
"NDUFS4","A0A0S2Z433","4724","hsa00190",1.820553534,0.00030188,"up","Ndufs4",3.23668982,4.54e-33,"up","same"
"NDUFS6","O75380","4726","hsa00190",3.545204313,2.99e-16,"up","Ndufs6",6.264214967,1.92e-19,"up","same"
"NDUFS7","O75251","374291","hsa00190",3.06199587,2.67e-11,"up","Ndufs7",5.627620981,3.26e-38,"up","same"
"NDUFS8","O00217","4728","hsa00190",2.282053496,1.17e-07,"up","Ndufs8",1.201704503,0.000895371,"none","none"
"NDUFV1","E5KNH5","4723","hsa00190",1.395413242,0.001461152,"none","Ndufv1",2.594918406,5.43e-07,"up","none"
"NDUFV2","P19404","4729","hsa00190",-1.083109796,0.227772432,"none","Ndufv2",2.240001929,8.35e-21,"up","none"
"NDUFV3","P56181","4731","hsa00190",2.236632579,7.47e-06,"up","Ndufv3",1.705213892,1.8e-06,"up","same"
"NIT2","Q9NQR4","56954","hsa00250",3.852681481,1.28e-18,"up","Nit2",1.273165091,0.032144169,"none","none"
"NME1","P15531","4830","hsa00240",4.34664673,1.51e-24,"up","Nme1",3.793695512,2.24e-42,"up","same"
"NOS1","A0PJJ7","4842","hsa00330",-3.718529427,0.291996786,"none","Nos1",-2.777317719,5.93e-28,"down","none"
"NPR1","A0A140VJE6","4881","hsa00230",-5.557387568,0.085294131,"none","Npr1",2.536263882,6.59e-05,"up","none"
"NPR2","P20594","4882","hsa00230",-3.672310928,0.345770362,"none","Npr2",5.894136115,2.6e-13,"up","none"
"NT5C","Q8TCD5","30833","hsa00230",2.191712243,0.000925619,"up","Nt5c",4.615341257,0.028959167,"up","same"
"NT5C1A","Q9BXI3","84618","hsa00230",-7.580623451,3.22e-05,"down","Nt5c1a",-5.294213306,0.052409976,"none","none"
"NT5C3B","Q969T7","115024","hsa00240",3.78045332,1.1e-14,"up","Nt5c3b",1.535296415,4.43e-05,"up","same"
"NT5E","P21589","4907","hsa00240",-3.678754537,0.094543225,"none","Nt5e",5.578160878,3.86e-09,"up","none"
"NTPCR","Q5TDE9","84284","hsa00230",2.845585743,2.38e-08,"up","Ntpcr",0.530088558,0.740699319,"none","none"
"NUDT16","Q96DE0","131870","hsa00230",-1.346293532,0.071839588,"none","Nudt16",5.894485659,0.000255536,"up","none"
"NUDT2","P50583","318","hsa00240",-0.857540587,0.148582449,"none","Nudt2",2.545867019,0.001161797,"up","none"
"NUDT5","Q9UKK9","11164","hsa00230",3.404801379,9.3e-17,"up","Nudt5",-1.221227823,0.000909161,"none","none"
"OAT","A0A140VJQ4","4942","hsa00330",0.196801034,0.757536371,"none","Oat",-2.07472489,7.1e-23,"down","none"
"OCRL","Q01968","4952","hsa00562",-1.691064378,0.00936018,"down","Ocrl",0.919568491,0.000415478,"none","none"
"OGDHL","Q9ULD0","55753","hsa00020",-0.01990492,0.990442693,"none","Ogdhl",3.076178148,1.16e-07,"up","none"
"OLAH","Q9NV23","55301","hsa00061",3.122584174,0.002976191,"up","Olah",-7.487981856,5.01e-25,"down","diff"
"OXCT1","A0A024R040","5019","hsa00280",-4.580641958,0.004951327,"down","Oxct1",2.002367608,1.73e-11,"up","diff"
"P4HA1","P13674","5033","hsa00330",-0.7759202,0.185287999,"none","P4ha1",1.950301011,2.8e-13,"up","none"
"P4HA2","O15460","8974","hsa00330",-2.600793084,0.003352565,"down","P4ha2",-0.822302745,0.00309849,"none","none"
"P4HA3","Q7Z4N8","283208","hsa00330",-6.555296253,0.010681045,"down","P4ha3",-3.525315024,0.070808596,"none","none"
"PANK1","Q8TE04","53354","hsa00770",2.441129099,0.000305039,"up","Pank1",3.48425796,4.86e-05,"up","same"
"PANK3","Q9H999","79646","hsa00770",1.978768674,8.16e-06,"up","Pank3",-1.79344031,4.06e-09,"down","diff"
"PAPSS1","O43252","9061","hsa00230",1.903512231,0.000390659,"up","Papss1",-5.988402884,3.03e-35,"down","diff"
"PCCA","P05165","5095","hsa00280",1.966825059,0.000961101,"up","Pcca",0.409766572,0.316702645,"none","none"
"PCYT1A","B4E322","5130","hsa00564",1.868693696,0.001346021,"up","Pcyt1a",-2.866768848,2.32e-20,"down","diff"
"PCYT1B","Q9Y5K3","9468","hsa00564",-5.574496547,0.000425541,"down","Pcyt1b",-1.503722099,0.00031124,"down","same"
"PDE10A","A0A1B1UZR0","10846","hsa00230",-2.803310378,0.058078528,"none","Pde10a",-9.706368036,2.31e-15,"down","none"
"PDE11A","Q9HCR9","50940","hsa00230",-5.906436673,7.84e-09,"down","Pde11a",-6.8858858,1.73e-05,"down","same"
"PDE3A","Q14432","5139","hsa00230",-2.741036392,0.000969545,"down","Pde3a",-5.812169707,8.51e-20,"down","same"
"PDE3B","A7E2E5","5140","hsa00230",0.348738214,0.82575712,"none","Pde3b",-5.338009022,1.25e-83,"down","none"
"PDE4A","P27815","5141","hsa00230",1.831875582,0.016951962,"up","Pde4a",-0.825443294,0.206944053,"none","none"
"PDE4B","Q07343","5142","hsa00230",-1.442433221,NA,"none","Pde4b",-4.887216342,8.55e-06,"down","none"
"PDE4C","O43849","5143","hsa00230",-2.892483411,NA,NA,"Pde4c",-4.054326214,0.00663873,"down",NA
"PDE6A","P16499","5145","hsa00230",-3.770103414,0.263747402,"none","Pde6a",-4.568198534,3.79e-15,"down","none"
"PDE6C","P51160","5146","hsa00230",-3.405204641,3.16e-06,"down","Pde6c",-0.573900653,NA,"none","none"
"PDE6G","P18545","5148","hsa00230",3.783803608,0.000526325,"up","Pde6g",-7.249180715,3.14e-06,"down","diff"
"PDE7A","Q13946","5150","hsa00230",0.84578353,0.157884945,"none","Pde7a",3.214537421,4.37e-27,"up","none"
"PDE7B","Q9NP56","27115","hsa00230",-3.147086933,NA,NA,"Pde7b",-5.491807093,0.00086855,"down",NA
"PDE8B","B3KN77","8622","hsa00230",-5.957582706,1.55e-08,"down","Pde8b",-5.270202793,3.38e-14,"down","same"
"PDHB","P11177","5162","hsa00010",3.655443719,1.1e-12,"up","Pdhb",0.703592144,0.019584051,"none","none"
"PEMT","Q9UBM1","10400","hsa00564",3.745086422,5.05e-12,"up","Pemt",0.123519741,0.690695433,"none","none"
"PFAS","A8K9T9","5198","hsa00230",1.103446129,0.261982877,"none","Pfas",2.85281003,1.24e-22,"up","none"
"PFKL","P17858","5211","hsa00052",3.199926408,4.34e-08,"up","Pfkl",-1.456037812,0.023733275,"none","none"
"PFKP","Q01813","5214","hsa00052",0.953242605,0.032933177,"none","Pfkp",-1.622529397,0.031860153,"down","none"
"PGK1","P00558","5230","hsa00010",4.513178806,1.29e-19,"up","Pgk1",-0.750759754,0.034864353,"none","none"
"PGLS","A0A0K0K1K7","25796","hsa00030",2.570444716,8.28e-06,"up","Pgls",4.734869983,1.08e-09,"up","same"
"PGM2","Q96G03","55276","hsa00230",4.397619812,2.1e-24,"up","Pgm1",2.823430887,5.98e-05,"up","same"
"PGP","A6NDG6","283871","hsa00630",2.298498834,9.36e-08,"up","Pgp",0.810843114,0.063222278,"none","none"
"PHGDH","O43175","26227","hsa00260",3.642589707,1.48e-06,"up","Phgdh",2.090720843,2.23e-05,"up","same"
"PHOSPHO1","Q8TCT1","162466","hsa00564",-4.812820252,4.53e-29,"down","Phospho1",-3.741846536,0.218473378,"none","none"
"PIK3C2B","A2RUF7","5287","hsa00562",-1.730596369,0.080175788,"none","Pik3c2b",-1.566979172,4.48e-06,"down","none"
"PIK3CA","P42336","5290","hsa00562",-0.723987995,0.249432337,"none","Pik3ca",-2.27946247,2.19e-15,"down","none"
"PIK3CD","O00329","5293","hsa00562",-4.02990775,0.002844291,"down","Pik3cd",-5.356713643,9.37e-77,"down","same"
"PIP5K1C","O60331","23396","hsa00562",-0.998374703,0.177428278,"none","Pip5k1c",-1.713604616,5.79e-10,"down","none"
"PKLR","P30613","5313","hsa00010",-4.372313084,0.036134573,"down","Pklr",-4.672021917,0.013648275,"down","same"
"PLA2G10","O15496","8399","hsa00564",7.337895912,0.001327805,"up","Pla2g10",0.926320462,0.304387663,"none","none"
"PLA2G15","Q8NCC3","23659","hsa00564",-3.229501682,7.72e-06,"down","Pla2g15",-0.326126463,0.241097707,"none","none"
"PLA2G3","Q9NZ20","50487","hsa00564",-0.456333314,NA,"none","Pla2g3",-5.746258479,0.003607878,"down","none"
"PLA2G4E","Q3MJ16","123745","hsa00564",2.792799662,NA,NA,"Pla2g4e",-8.964832079,3.35e-16,"down",NA
"PLA2G4F","A5PKZ7","255189","hsa00564",4.30075496,6.72e-10,"up","Pla2g4f",2.076853978,0.066283034,"none","none"
"PLA2G5","P39877","5322","hsa00564",0.177676575,NA,"none","Pla2g5",6.579060687,3.24e-07,"up","none"
"PLB1","B2RWP8","151056","hsa00564",-2.963811322,0.000414209,"down","Plb1",4.265331293,1.53e-24,"up","diff"
"PLCB1","Q9NQ66","23236","hsa00562",-0.936564832,0.151615125,"none","Plcb1",-8.575640057,3.59e-31,"down","none"
"PLCB4","Q15147","5332","hsa00562",2.987078353,1.24e-05,"up","Plcb4",-0.62615553,0.374208043,"none","none"
"PLCD1","A8K8F9","5333","hsa00562",1.987245273,0.023431267,"up","Plcd1",5.067933497,2.05e-10,"up","same"
"PLCD3","Q8N3E9","113026","hsa00562",1.247322184,0.04915272,"none","Plcd3",3.370571113,0.000468455,"up","none"
"PLCG1","P19174","5335","hsa00562",0.416818097,0.698264252,"none","Plcg1",3.060209053,6.42e-18,"up","none"
"PLCH2","O75038","9651","hsa00562",-3.069677135,0.290897394,"none","Plch2",-3.572052398,1.52e-05,"down","none"
"PLD1","Q13393","5337","hsa00564",-1.539457928,0.064330375,"none","Pld1",-7.269942264,1.83e-42,"down","none"
"PLD2","O14939","5338","hsa00564",-1.355993169,0.022340497,"none","Pld2",-3.644216367,2.87e-12,"down","none"
"PLD4","B4DI07","122618","hsa00564",2.77405677,NA,NA,"Pld4",-6.883812507,0.000110831,"down",NA
"PMM2","A0A0S2Z4J6","5373","hsa00520",0.817246982,0.095517734,"none","Pmm2",1.734497923,0.001498396,"up","none"
"PNP","P00491","4860","hsa00230",1.715153056,8.78e-05,"up","Pnp",-2.787516039,1.04e-35,"down","diff"
"PNPLA2","Q96AD5","57104","hsa00561",-1.876346759,5.22e-05,"down","Pnpla2",0.674648539,0.13115683,"none","none"
"PNPLA6","Q8IY17","10908","hsa00564",0.492209391,0.742243673,"none","Pnpla6",2.314232566,5.7e-10,"up","none"
"PPA1","Q15181","5464","hsa00190",1.834243773,0.000590931,"up","Ppa1",0.845086136,0.000629463,"none","none"
"PPA2","Q9H2U2","27068","hsa00190",1.938403068,3.18e-05,"up","Ppa2",0.701539617,0.002436776,"none","none"
"PPAT","A8K4H7","5471","hsa00250",2.007891516,0.000171142,"up","Ppat",-0.248530065,0.340041874,"none","none"
"PPCS","Q9HAB8","79717","hsa00770",4.162815598,1.25e-20,"up","Ppcs",0.928361774,0.169822782,"none","none"
"PPT1","P50897","5538","hsa00062",1.607515758,0.000785092,"up","Ppt1",0.988226505,0.004326139,"none","none"
"PPT2","A0A1U9X8D2","9374","hsa00062",-1.511927919,0.003362016,"down","Ppt2",-1.37189974,0.007790796,"none","none"
"PRDX6","P30041","9588","hsa00480",3.250162527,1.83e-14,"up","Prdx6",3.175549274,4.78e-27,"up","same"
"PRODH","O43272","5625","hsa00330",3.862727664,0.061034317,"none","Prodh",3.989614347,4.47e-14,"up","none"
"PTDSS1","P48651","9791","hsa00564",-0.325749622,0.541288358,"none","Ptdss1",2.155420314,1.89e-31,"up","none"
"PTEN","F6KD01","5728","hsa00562",-1.637389197,0.000488085,"down","Pten",-0.962813378,0.000488913,"none","none"
"RBKS","Q9H477","64080","hsa00030",3.003862868,0.007368925,"up","Rbks",3.73349309,3.44e-06,"up","same"
"RENBP","P51606","5973","hsa00520",-2.889141389,0.309685571,"none","Renbp",2.679825072,1e-21,"up","none"
"RGN","Q15493","9104","hsa00030",6.176291245,0.038692819,"up","Rgn",-3.201489418,0.006944611,"down","diff"
"RIMKLA","Q8IXN7","284716","hsa00250",-4.882523494,1.61e-17,"down","Rimkla",-4.998687568,1.04e-30,"down","same"
"RIMKLB","Q9ULI2","57494","hsa00250",3.200967917,9.22e-11,"up","Rimklb",-6.595939003,6.48e-55,"down","diff"
"RPIA","P49247","22934","hsa00030",-1.512060081,0.001669737,"down","Rpia",-0.291553997,0.232885943,"none","none"
"RRM2B","Q7LG56","50484","hsa00480",0.057239481,0.922879849,"none","Rrm2b",-5.305807246,5.29e-135,"down","none"
"SARDH","A8K596","1757","hsa00260",-2.960084357,0.000705378,"down","Sardh",-9.341160217,2.06e-16,"down","same"
"SAT1","P21673","6303","hsa00330",3.853965234,1.14e-18,"up","Sat1",2.128076536,4.09e-11,"up","same"
"SCD","O00767","6319","hsa01040",0.316053727,0.668341106,"none","Scd1",3.356692028,5.58e-33,"up","none"
"SCP2","B2R761","6342","hsa01040",3.493009659,9.14e-16,"up","Scp2",2.190708493,8.7e-12,"up","same"
"SDHB","P21912","6390","hsa00020",2.011269803,9.45e-07,"up","Sdhb",3.672015364,1.17e-26,"up","same"
"SDHC","A0A0S2Z4B7","6391","hsa00020",-1.009767819,0.09683067,"none","Sdhc",2.387928617,2.06e-11,"up","none"
"SDS","P20132","10993","hsa00270",-8.427295463,7.17e-06,"down","Sds",-0.058713509,NA,"none","none"
"SHMT1","P34896","6470","hsa00260",4.692621342,1.63e-12,"up","Shmt1",-0.522672506,0.062981801,"none","none"
"SHPK","A0A0B4J2A0","23729","hsa00030",1.064140062,0.126078325,"none","Shpk",2.450008504,0.038858935,"up","none"
"SMOX","Q9NWM0","54498","hsa00330",-2.076569444,4.97e-06,"down","Smox",-3.025794726,7.17e-08,"down","same"
"SORD","Q00796","6652","hsa00051",1.028543532,0.546778369,"none","Sord",3.532209503,5.42e-26,"up","none"
"SRD5A2","P31213","6716","hsa00140",-6.347191574,0.029324442,"down","Srd5a2",-4.407513669,0.177047969,"none","none"
"SRD5A3","Q9H8P0","79644","hsa00140",3.198309568,NA,NA,"Srd5a3",-2.933073596,1.11e-18,"down",NA
"SRM","P19623","6723","hsa00330",1.410528817,0.003264391,"none","Srm",1.732274129,4.48e-08,"up","none"
"ST3GAL4","Q11206","6484","hsa00601",-3.472795927,6.1e-09,"down","St3gal4",8.719511983,1.16e-08,"up","diff"
"ST8SIA1","Q92185","6489","hsa00601",-2.691667793,0.016112919,"down","St8sia1",0.3878491,0.675769468,"none","none"
"SUCLA2","E5KS60","8803","hsa00640",3.99244862,2.44e-20,"up","Sucla2",2.190855455,2.56e-08,"up","same"
"SUCLG1","P53597","8802","hsa00020",3.57117435,8.66e-10,"up","Suclg1",6.571492407,6.48e-55,"up","same"
"SULT2A1","A8K015","6822","hsa00980",4.183516575,2.31e-09,"up","Sult2a3",6.497834718,0.001541898,"up","same"
"SULT2B1","O00204","6820","hsa00140",-0.388791501,0.814483502,"none","Sult2b1",-1.88428577,1.37e-05,"down","none"
"TALDO1","A0A140VK56","6888","hsa00030",1.956353234,5.64e-06,"up","Taldo1",1.583137116,3.35e-10,"up","same"
"TAT","A0A140VKB7","6898","hsa00270",-5.165186109,0.04334381,"down","Tat",7.026955373,2.61e-08,"up","diff"
"THEM4","A8K0C9","117145","hsa00062",2.969602629,4.78e-06,"up","Them4",0.302731539,0.699749684,"none","none"
"THEM5","Q8N1Q8","284486","hsa00062",1.504692851,0.485650864,"none","Them5",4.503702757,0.031702412,"up","none"
"TKT","P29401","7086","hsa00030",1.427305505,0.013768478,"none","Tkt",4.511201096,1.9e-52,"up","none"
"TPH2","Q8IWU9","121278","hsa00380",-7.121928867,0.001636548,"down","Tph2",-5.712577543,6.18e-14,"down","same"
"TPI1","P60174","7167","hsa00562",4.618939635,2.12e-33,"up","Tpi1",1.329485421,0.00197175,"none","none"
"TST","Q16762","7263","hsa00270",2.681137492,0.00440573,"up","Tst",5.792934107,1.54e-07,"up","same"
"TXNDC12","O95881","51060","hsa00480",1.726804105,0.025019308,"up","Txndc12",4.466553159,7.86e-48,"up","same"
"TYMP","B2RBL3","1890","hsa00240",3.319113737,0.004744554,"up","Tymp",1.06189838,0.705575195,"none","none"
"TYMS","P04818","7298","hsa00240",2.653556305,1.33e-08,"up","Tyms",2.551367372,4.99e-16,"up","same"
"UAP1L1","Q3KQV9","91373","hsa00520",2.977898066,1.38e-05,"up","Uap1l1",0.62526148,0.279695732,"none","none"
"UGDH","O60701","7358","hsa00520",1.633059756,0.000426623,"up","Ugdh",2.527933388,3.65e-07,"up","same"
"UMPS","A8K5J1","7372","hsa00983",3.334648268,1.06e-10,"up","Umps",1.709496655,1.21e-11,"up","same"
"UPP1","B4DND0","7378","hsa00983",4.169294171,2.1e-24,"up","Upp1",2.451284863,6.51e-11,"up","same"
"UQCR10","Q9UDW1","29796","hsa00190",1.778517947,4.33e-05,"up","Uqcr10",3.293385722,3.44e-21,"up","same"
"UQCR11","O14957","10975","hsa00190",4.564991798,3.79e-25,"up","Uqcr11",3.68687747,1.26e-13,"up","same"
"UQCRB","P14927","7381","hsa00190",2.284044002,9.9e-08,"up","Uqcrb",3.798257465,3.07e-20,"up","same"
"UQCRC1","P31930","7384","hsa00190",3.523725088,5.51e-17,"up","Uqcrc1",3.822771831,1.29e-20,"up","same"
"UQCRC2","P22695","7385","hsa00190",1.321809623,0.009154681,"none","Uqcrc2",3.68617715,9.34e-51,"up","none"
"UQCRFS1","P47985","7386","hsa00190",1.807874368,1.22e-05,"up","Uqcrfs1",2.016519265,9.54e-09,"up","same"
"UQCRHL","A0A096LP55","440567","hsa00190",2.824952803,7.14e-07,"up","Uqcrh",3.487719973,6.51e-10,"up","same"
"UQCRQ","O14949","27089","hsa00190",0.928862894,0.035250327,"none","Uqcrq",3.815156058,4.89e-33,"up","none"
"URAD","A6NGE7","646625","hsa00230",5.861843509,0.010273257,"up","Urad",-0.09983414,0.97613749,"none","none"
"UXS1","Q8NBZ7","80146","hsa00520",-2.613093505,1.17e-09,"down","Uxs1",-1.7253393,2.76e-05,"down","same"
"XDH","P47989","7498","hsa00983",3.799371009,0.126085955,"none","Xdh",-6.662273367,6.69e-05,"down","none"
